alphaStar,rStar
0.5882352941176472,0.9411764705882353
0.6451612903225807,0.9032258064516129
0.7142857142857142,0.8571428571428571
0.8,0.8
